hue_deg,max_chroma,a,b,L,R,G,B,a_smooth,b_smooth,L_smooth,hex_smooth
0.0267884382393,97.4783237029,97.4783130486,0.0455756424163,50.8196570251,1.0,0.0,0.4901445569,97.4568589353,0.108768601143,50.2082468198,#FF007B
1.13281886962,96.916935259,96.8979930243,1.91606050533,48.6628005955,0.977811655942,0.0,0.457027881483,96.9081839288,1.82777427696,49.4263689335,#FC0077
2.06368944295,96.4255130855,96.3629730057,3.47232016242,47.9322607879,0.967590604878,0.0,0.440077941509,96.4040062296,3.56063870148,49.2257278553,#FB0073
3.32474432022,96.0571963037,95.8955189156,5.57085394015,50.7855708957,1.0,0.0,0.454507879931,95.9302983879,5.30741930079,49.3571541942,#FB0071
4.27922533899,95.7722473701,95.5052586926,7.14625275139,50.0661999226,0.99488960061,0.0,0.437520107674,95.4765329126,7.06453683141,49.6226611079,#FC006F
5.02094893768,95.5100213279,95.1435269246,8.35903453814,50.7706876001,1.0,0.0,0.436606505686,95.035682271,8.82477538038,49.8754443029,#FD006C
6.20390064013,95.1995614965,94.6420356584,10.2879344654,48.6193489133,0.975234563637,0.0,0.403799922489,94.6042188892,10.5772823652,50.0198820346,#FD006A
7.70819642514,94.9317140762,94.0739132185,12.7329960811,50.0397978664,0.993243550051,0.0,0.401873448531,94.1618898185,12.3685035917,49.6583314679,#FC0066
8.67186930074,94.7872416451,93.7036369974,14.2915916586,49.3196771102,0.983577907823,0.0,0.385232465727,93.7418640113,14.0774958107,49.524275552,#FB0063
9.42840413955,94.6888810736,93.4097358181,15.5114619992,50.0284438387,0.992474279867,0.0,0.384196686549,93.382368877,15.6354279558,49.6184373533,#FC0061
10.4293102421,94.6122253969,93.0491364147,17.1269205354,49.3089243906,0.982818540832,0.0,0.36727509461,93.0583066453,17.0594744345,49.5451269727,#FB005E
11.1876349173,94.5614203339,92.7644744381,18.3470569248,50.0179207803,0.991723934501,0.0,0.366176939164,92.741613626,18.4607182492,49.6112333786,#FC005C
12.2185786505,94.5590658734,92.41704952,20.0126434253,49.29899661,0.982082668096,0.0,0.349012668687,92.4011133973,20.049446631,49.4785138076,#FB0059
13.2746406312,94.5641493374,92.0374518634,21.7137236419,48.5770215344,0.972215460182,0.0,0.331685832383,91.9996707253,21.9617464535,49.4171226321,#FB0056
14.7847550902,94.6782656473,91.5435934195,24.1608048257,49.9992734208,0.990297059385,0.0,0.329234589419,91.5976447589,23.9347455062,49.3240480417,#FA0053
15.8481345963,94.8377098911,91.2328251088,25.8990895607,49.2815200307,0.980697917899,0.0,0.311731969226,91.2395632283,25.8190504981,48.892125886,#F9004F
16.9185613663,95.0087032202,90.8966656304,27.6486864944,48.5607212395,0.970881293241,0.0,0.294207397467,90.8981832841,27.6189275834,48.4302126237,#F7004B
17.984616803,95.1900185127,90.5389817771,29.3910258958,47.8369408291,0.96085580302,0.0,0.276773295909,90.5858861475,29.2583131859,48.385978373,#F70048
18.7186201609,95.424970298,90.3775651558,30.6238579031,48.5537041713,0.970271920789,0.0,0.275329498043,90.291709596,30.8507104108,48.5186762927,#F70046
19.7574798475,95.6826400604,90.0499841573,32.3445198169,47.830502221,0.960281941974,0.0,0.258045894954,90.0017763477,32.4846953648,49.0219946728,#F90044
20.9296367618,95.9800106503,89.6472325962,34.2860924031,50.6833154514,0.997103699339,0.0,0.270644464004,89.7490935705,34.2001866122,49.2708911623,#FA0042
21.9332192371,96.4457146627,89.4649589075,36.0249497497,49.9709230521,0.987847776115,0.0,0.253150794484,89.4964731652,35.8819047149,49.4181074895,#FA0040
22.9059204485,96.9069209819,89.2653443298,37.7180279956,49.2554067576,0.978379894464,0.0,0.235943387474,89.223001631,37.6743342717,49.5969740092,#FB003D
23.8414326916,97.356984743,89.049280567,39.3523583632,48.5368080258,0.968705376539,0.0,0.219091125622,89.0034117904,39.4126242557,49.0777908026,#F90039
24.7383626831,97.7906273155,88.8162043343,40.9229597952,47.8151446815,0.958827519323,0.0,0.202609120528,88.7751304624,41.1518797457,48.8291737861,#F80035
25.9527028488,98.2886489736,88.3767902681,43.0139681845,50.667481655,0.995592897801,0.0,0.212972118616,88.5348894918,42.836564158,48.6440504965,#F70032
26.927741735,99.0950127567,88.3509692703,44.8768067297,48.528501923,0.96787702944,0.0,0.182164982204,88.2746713264,44.7060043963,49.1374007407,#F90030
27.6954600562,99.5881839142,88.1784110604,46.2857882961,47.8076611214,0.958071773939,0.0,0.166388820218,88.0641834511,46.5703426088,49.1837491928,#F9002D
28.9596243854,100.243541917,87.7092026295,48.5372379745,50.6596980826,0.994794104828,0.0,0.174621357396,87.8876246457,48.4033160156,49.0121973886,#F80029
29.7034794125,101.067831977,87.7876628788,50.0802646445,48.5220363958,0.967206570601,0.0,0.145400657159,87.7286708949,50.2275148184,48.7250468986,#F70025
30.9803052331,102.117000867,87.5494274508,52.5640525367,48.5193462355,0.966922497167,0.0,0.126672425546,87.5644826126,52.1039709297,48.5275062547,#F70021
31.5702320855,102.640635104,87.4497241202,53.7368190891,47.7993682652,0.957205576059,0.0,0.111215095711,87.3755775902,54.143852162,48.7113320693,#F7001E
32.8039267663,103.721767914,87.1812031878,56.1929083599,49.2311163972,0.975896690936,0.0,0.103246617338,87.2028693397,56.2806187786,48.8787288676,#F80019
33.9270082154,104.844626404,86.9947534517,58.517591865,49.2290501146,0.975673155932,0.0,0.0819850349386,87.0117593216,58.4194456122,49.0359785719,#F80015
34.9867921604,105.981095045,86.8286412826,60.7682446682,49.2272170968,0.975473737284,0.0,0.0581487400518,86.8391228351,60.6678791857,49.1113613852,#F8000F
35.9876269158,107.12644799,86.6807128147,62.9486289351,49.2255894715,0.975295909306,0.0,0.0293530277732,86.7040984565,62.8545275117,49.0567260128,#F80007
36.9328437055,108.275721777,86.5491530987,65.0605565936,49.2241441801,0.975137551183,0.0,0.00138927719737,86.5657758783,65.1455789172,48.8070535851,#F70000
37.8459225944,109.582248087,86.5331030235,67.2331107186,47.0673066632,0.94633454674,0.0,0.0,86.4495936358,67.3236937714,48.5218416102,#F60000
38.8964016349,110.990269467,86.3817938478,69.6923640579,48.5063783523,0.965523463163,0.0,0.0,86.3234365027,69.6662580168,48.4578218392,#F60000
39.9672116046,112.284863498,86.0564850838,72.1260836707,49.9316467719,0.983767791719,0.0,0.0,86.2133602635,72.1322805223,48.2622765354,#F50000
40.9691764413,114.12098931,86.168469536,74.8237599897,47.0632657399,0.945896161783,0.0,0.0,86.1207886514,74.723904685,48.0899004799,#F50000
41.9345812549,115.644616626,86.0289943027,77.283177302,48.5025157318,0.965096580614,0.0,0.0,86.0345093041,77.3982313678,48.0688828142,#F50000
42.9879348012,117.469943685,85.9289465048,80.0962160281,47.7824693261,0.955380219363,0.0,0.0,85.9268138375,80.0880112496,48.265796222,#F50000
43.9913707135,119.218759623,85.7712706905,82.8033922619,48.4996584572,0.964782168361,0.0,0.0,85.7856599215,82.7638259117,48.5771660802,#F60000
44.9937825297,120.839420681,85.4556455365,85.4371010541,49.9251127716,0.98303342619,0.0,0.0,85.4319386697,85.4468774043,49.7732050582,#FA0000
45.9874417952,122.28685355,84.9668648968,87.9471797198,51.336354451,1.0,0.0,0.0,84.9011111833,87.9778395012,51.3595901385,#FF0000
46.9902624075,123.589391726,84.3031229022,90.3732328518,52.732941866,1.0,0.0,0.0,84.3180336086,90.3268793453,52.5882204913,#FF0000
47.9992996571,124.73598986,83.4658015845,92.6958851952,54.1210846735,1.0,0.0,0.0,83.5023206813,92.616964825,54.1434972402,#FF0000
48.9768645928,125.621802976,82.453593782,94.774692061,55.5192769892,1.0,0.00248586351446,0.0,82.630588321,94.7537691765,55.3338226893,#FF0000
49.7352151481,126.633514351,81.8458877191,96.6296932641,56.2211388059,1.0,0.0613578069174,0.0,81.5840469461,96.9168277936,56.532173704,#FF1400
50.8739154115,127.647285716,80.5491449889,99.0235567537,57.6303562714,1.0,0.131066896424,0.0,80.4810938324,98.9616386502,57.693675309,#FF2200
51.9970386914,128.444894059,79.0838041736,101.211870486,59.0444212824,1.0,0.180413489226,0.0,79.3939602297,100.918442341,58.7598011567,#FF2C00
52.6657282648,129.066764929,78.2743604611,102.622386952,59.75240858,1.0,0.202080429858,0.0,78.1086557148,102.860944707,59.8892089102,#FF3500
53.9088891069,129.954453621,76.5523993425,105.013761817,61.1644731684,1.0,0.241507153966,0.0,76.7750418909,104.747879373,60.9976868454,#FF3C00
54.5391750702,130.38028855,75.639626557,106.196358397,61.8632596582,1.0,0.259763359628,0.0,75.2894563323,106.571866931,62.1386195556,#FF4400
55.8158625419,131.201324786,73.71603848,108.534479758,63.2457683097,1.0,0.294196676188,0.0,73.6508141901,108.447706107,63.2663278116,#FF4B00
56.9970804968,131.61001935,71.6855781204,110.373797084,64.6077618208,1.0,0.326419824887,0.0,72.0251023951,110.254211619,64.3685403095,#FF5200
57.7668614162,132.371225938,70.6022591281,111.97081076,65.280566225,1.0,0.342035826423,0.0,70.3055264253,112.06541415,65.4697638666,#FF5800
58.992073281,132.778071667,68.4015074968,113.803559206,66.6103008938,1.0,0.371973669049,0.0,68.801572249,113.637118453,66.3801112155,#FF5E00
59.7532338889,133.488611164,67.2415799771,115.315997298,67.2666163476,1.0,0.38658365373,0.0,67.1657081385,115.289824821,67.323187232,#FF6300
60.4236522227,133.854220863,66.0681530432,116.41284979,67.9194650099,1.0,0.400895313869,0.0,65.6935850216,116.719458719,68.1255611722,#FF6700
61.7776361151,134.580989883,63.6426398303,118.581858787,69.2137354227,1.0,0.428887445237,0.0,63.9359663417,118.33010784,69.0531040915,#FF6D00
62.4603525749,134.943337913,62.3927113736,119.653056854,69.8548757195,1.0,0.442592104181,0.0,62.1397449587,119.871105314,69.9830334877,#FF7200
63.835134214,135.668566885,59.8238094367,121.766464452,71.1245397892,1.0,0.469466139018,0.0,60.2553670485,121.445867844,70.9106104706,#FF7700
64.526350678,136.032303038,58.5069421739,122.807675605,71.7528285408,1.0,0.48265030598,0.0,58.0568392839,123.132997545,71.9624523274,#FF7C00
65.9142642824,136.763632834,55.813674798,124.856417422,72.9956962518,1.0,0.508540885886,0.0,56.0887131707,124.649438727,72.8721387615,#FF8100
66.6100785699,137.131664073,54.4394121701,125.862797101,73.6100083137,1.0,0.521255515598,0.0,54.0903853791,126.097458166,73.7588948217,#FF8600
67.9996469785,137.850442803,51.6404722817,127.812386737,74.8243363942,1.0,0.546248112668,0.0,52.1573969181,127.48519666,74.6092083454,#FF8A00
68.7009514062,138.247077841,50.2162823227,128.804423532,75.4240746354,1.0,0.558535607146,0.0,50.2158522831,128.796325651,75.4233684322,#FF8E00
69.3975983366,138.622380094,48.7785657666,129.75675622,76.0187302916,1.0,0.570681370802,0.0,48.2633381401,130.100435146,76.2344702851,#FF9300
70.7879723372,139.376690151,45.8639745392,131.614427768,77.1924161532,1.0,0.594562711493,0.0,46.2211908997,131.380244688,77.0464361373,#FF9700
71.4809467243,139.754834736,44.388930144,132.518061836,77.7712922457,1.0,0.606301619028,0.0,44.0895223102,132.701397313,77.8877985585,#FF9B00
72.8607379347,140.510174027,41.4076760172,134.270299664,78.9127716195,1.0,0.629383319137,0.0,41.838267652,134.009743282,78.7443774929,#FFA000
73.5469049948,140.885887824,39.903154403,135.116881465,79.4752482939,1.0,0.640728520249,0.0,39.5217419916,135.335790486,79.6195888232,#FFA400
74.9031759781,141.624886543,36.8863420311,136.736996676,80.577577956,1.0,0.662916600302,0.0,37.2078676599,136.567317687,80.4617878652,#FFA800
75.5728964144,141.985986881,35.3755309772,137.508517113,81.1174549406,1.0,0.673764712841,0.0,34.9880818388,137.688756612,81.2512792576,#FFAD00
76.8944862337,142.684892167,32.3530909231,138.968543061,82.1745416321,1.0,0.694977533193,0.0,32.7932338684,138.781894958,82.0266536545,#FFB000
77.545952134,143.019711909,30.8431361302,139.654355278,82.6916680011,1.0,0.705344204989,0.0,30.5404525892,139.785653351,82.7936097704,#FFB400
78.8293659018,143.651994903,27.829924372,140.930447204,83.7028549892,1.0,0.725601427348,0.0,28.1356013934,140.8027835,83.6015193183,#FFB900
79.4610244825,143.945988311,26.3283464939,141.517722289,84.1968151061,1.0,0.735492728189,0.0,25.9087703354,141.681428084,84.33351354,#FFBC00
80.7053658154,144.481162013,23.3353547831,142.584246654,85.1625242834,1.0,0.754827719658,0.0,23.4141990707,142.573498472,85.1393523893,#FFC000
81.9281595505,144.934424448,20.3509152078,143.498528356,86.1015201124,1.0,0.773630128832,0.0,20.8248795704,143.329739569,85.9492236717,#FFC500
82.5312275453,145.12500341,18.8641914284,143.893741686,86.5606979863,1.0,0.782827777877,0.0,18.1999154757,144.028410739,86.7616438661,#FFC900
83.7205043877,145.422824174,15.9061443611,144.550310834,87.4578195223,1.0,0.800808497643,0.0,15.9232632973,144.541538797,87.440159032,#FFCC00
84.8872599314,145.593505594,12.9746774335,145.014229014,88.3257964497,1.0,0.81822510914,0.0,13.6407575151,144.959980205,88.1229231405,#FFD000
85.4622480003,145.625464775,11.5212961431,145.168990236,88.7484834132,1.0,0.826716516874,0.0,11.5801282863,145.18709048,88.7294287541,#FFD300
86.0317088172,145.619062499,10.0774780925,145.269941139,89.1634014498,1.0,0.835059866446,0.0,9.39513566048,145.314996368,89.4007082987,#FFD600
87.1447266635,145.483224399,7.24699905162,145.302613832,89.9623112041,1.0,0.851153232835,0.0,7.17185737985,145.293490206,90.0607174875,#FFD900
88.2242172135,145.167431176,4.49849114334,145.097714151,90.7196810934,1.0,0.866453207859,0.0,4.94411065539,145.060623929,90.5684506478,#FFDC00
89.0175878502,144.777529666,2.48228117715,144.756248143,90.9990330819,1.0,0.874579618576,0.0,2.50458668198,144.7287483,90.9473495664,#FFDF00
90.0067863336,144.240891123,-0.0170844487528,144.240890111,91.2056508197,1.0,0.883021546296,0.0,-0.147593428611,144.265005587,91.1172776893,#FFE100
91.0008924652,143.722202933,-2.51053664099,143.700274257,90.8920936246,1.0,0.885628004613,0.0,-2.63460433046,143.713744467,90.9375182491,#FFE200
92.0782694326,143.202698947,-5.19320160631,143.108503041,90.5486111961,1.0,0.888225507149,0.0,-5.04197564704,143.133359278,90.6025099863,#FFE300
93.018544995,142.78484609,-7.51893307412,142.586738227,90.2453968073,1.0,0.890303059685,0.0,-7.61269969251,142.554750469,90.1808745337,#FFE300
94.1855359644,142.310978032,-10.3867699091,141.931425271,89.8644007324,1.0,0.892643065123,0.0,-10.1684220455,141.980518361,89.920097103,#FFE400
95.0025300219,142.008368207,-12.3830916273,141.467436828,89.5945063795,0.98881330061,0.894128439652,0.0,-12.6503328325,141.403884383,89.778141322,#FCE500
96.1500000103,141.629747791,-15.1730433691,140.814644885,89.7504202158,0.972568923406,0.90195163166,0.0,-15.1003699959,140.827997975,89.6335706339,#F8E600
97.1551226634,141.341938058,-17.6050025685,140.241246923,89.4163590978,0.952179761968,0.903483921894,0.0,-17.510673485,140.254569666,89.4486414225,#F3E600
98.0659921066,141.076410714,-19.7949360851,139.680758035,89.6423138964,0.940414936909,0.910593083084,0.0,-19.8970654278,139.681666306,89.2428606564,#EEE700
99.1193008569,140.884488332,-22.3288786316,139.103775044,88.7520190923,0.911902318392,0.905988300536,0.0,-22.2805034549,139.102267381,88.9998131982,#E9E800
100.007287233,140.722118869,-24.4537653057,138.581124621,88.4461949649,0.893468957342,0.906910386269,0.0,-24.510791562,138.560503522,88.7677002334,#E5E800
101.030363383,140.561576118,-26.8935301209,137.964831455,88.6393513254,0.879012834816,0.913905342168,0.0,-26.6421271819,138.036385444,88.4619893184,#E0E800
102.000094206,140.45777879,-29.2030401726,137.388391312,88.3020484175,0.858511047323,0.914676581353,0.0,-29.1990654438,137.392110525,88.1587002556,#DAE900
103.019967326,140.381310423,-31.6265902635,136.77233311,87.9414778506,0.836679341835,0.915317316559,0.0,-31.9327673,136.689736481,87.8474726831,#D4E900
104.088085337,140.336221357,-34.1597057735,136.115280282,87.5567377418,0.813480660873,0.915796780384,0.0,-34.6400500717,135.983463303,87.645652904,#CFEA00
105.77482728,140.336299391,-38.1514717686,135.050887182,86.9324969808,0.776041719373,0.916142603739,0.0,-37.5652349008,135.210666388,87.2289229783,#C8EA00
106.923287275,140.400427584,-40.8693088033,134.320436508,87.0677142527,0.757065374296,0.922491657382,0.0,-40.3402239673,134.462298218,86.8962839169,#C2EB00
107.51561341,140.448940355,-42.2703110308,133.937021216,86.8421832913,0.743389725158,0.922426033891,0.0,-42.859668128,133.774935811,86.6072381825,#BCEB00
108.72499905,140.579155263,-45.1295980305,133.138342621,86.3715862085,0.714918614315,0.922082754126,0.0,-45.2890186513,133.095139573,86.4321148282,#B6EB00
109.962897895,140.753000506,-48.0547028915,132.295701674,85.8743007337,0.684919637813,0.921424766465,0.0,-47.5167508291,132.458297844,86.2358006657,#B1EC00
110.526896806,140.857134636,-49.3911390146,131.913789137,86.2260624167,0.678248845711,0.927585627891,0.0,-49.8969991033,131.757225773,85.9865880942,#ABEC00
111.789452337,141.11292955,-52.380682417,131.031000133,85.7049122058,0.646229039498,0.926585558819,0.0,-52.4295935171,131.004701077,85.7732204185,#A5EC00
112.990466141,141.38292956,-55.2210553045,130.152863287,85.780101821,0.622096399512,0.931949644271,0.0,-54.8036263947,130.295704252,85.4568733775,#9FED00
113.714116823,141.575575851,-56.9379264537,129.621434218,84.8718026331,0.594871888754,0.924371771602,0.0,-57.1254101199,129.568960082,85.1921934495,#98ED00
114.923843936,141.937746595,-59.8144468035,128.718902505,84.9327864411,0.568448177777,0.929457597898,0.0,-59.4983768314,128.813942411,84.839282087,#91ED00
115.57165096,142.141848019,-61.3540338701,128.218514599,84.6368846104,0.549504781626,0.928419655188,0.0,-61.9952951361,127.997809743,84.6039094244,#8AED00
116.867884606,142.573695083,-64.4340098779,127.183005549,84.0244622835,0.509806672472,0.926009612935,0.0,-64.2863019783,127.220495102,84.4835965255,#84ED00
117.986925715,142.949562279,-67.0819512895,126.232282586,84.7060352715,0.489998498995,0.937578716781,0.0,-66.6620831168,126.415873171,84.0802826857,#7CED00
118.720427503,143.28440212,-68.8533411627,125.656823538,83.7353196029,0.456374780723,0.929028903479,0.0,-69.1361664298,125.544579309,83.8858569616,#74ED00
119.921088735,143.772646873,-71.7147714428,124.609652699,83.7481182723,0.421149562423,0.933146035562,0.0,-71.4194747583,124.710316452,83.5629730548,#6CED00
120.64519117,144.067237968,-73.4339747894,123.946845068,82.7250256042,0.383025356595,0.923797056801,0.0,-73.9079973406,123.771194081,83.272479598,#62ED00
121.847410985,144.637402079,-76.3192099256,122.863160779,82.7166547025,0.339763371026,0.927538649297,0.0,-76.2413547018,122.852762053,82.9059675082,#58ED00
122.956856576,145.0904937,-78.9302973232,121.742595367,83.3759380555,0.306276722352,0.938518024993,0.0,-78.6669243973,121.898382623,82.2899345802,#4AEC00
123.79228192,145.541818406,-80.9479829807,120.953895994,81.5872640209,0.230365949603,0.920546925053,0.0,-81.1452666336,120.883953901,82.052588981,#3CEC00
124.996882423,146.196816445,-83.8485326193,119.761983602,81.5344270892,0.142373624946,0.923549375655,0.0,-83.4703849682,119.894158462,81.810224617,#2AEC00
125.647964461,146.529940434,-85.3981538543,119.072157795,81.126192991,0.0245016325852,0.920740476786,0.0,-85.8583162567,118.88185539,81.308467909,#00EB00
126.851013434,147.212083896,-88.2884296399,117.798772646,81.0451936068,0.0,0.923269954742,0.0,-88.2272599479,117.796622726,80.9294630588,#00EB00
127.951720278,147.750817182,-90.8663458626,116.505841774,81.6842520656,0.0,0.933706778469,0.0,-90.6371086839,116.662329852,80.7256068316,#00EB00
128.799874177,148.285016708,-92.9157028559,115.564347197,79.7233109295,0.0,0.913333248482,0.0,-93.1832302147,115.405455019,80.6260821926,#00EC00
129.989576272,149.035743278,-95.7775571946,114.185429509,79.6011566493,0.0,0.915111328607,0.0,-95.6379874615,114.174105575,80.1630760056,#00EB00
130.991882656,149.463138534,-98.0406595044,112.815153523,80.983911952,0.0,0.93371094996,0.0,-98.003951812,112.975349175,79.8832259879,#00EB00
131.80207162,150.168802224,-100.096430265,111.943618887,78.9895719168,0.0,0.91267089498,0.0,-100.162909094,111.882188757,79.2343040272,#00E900
132.971549502,150.92425116,-102.875269862,110.430106579,78.8279754028,0.0,0.913700900102,0.0,-102.517820689,110.615265285,78.8560167513,#00E900
133.58962132,151.322512589,-104.335110187,109.602406901,78.3394625658,0.0,0.909492366263,0.0,-104.865482511,109.275630568,78.5979685391,#00E900
134.745187625,152.086720846,-107.062218559,108.0187577,78.1550617158,0.0,0.910083990102,0.0,-107.146337684,107.924275315,78.0877685451,#00E800
135.951654847,152.881811884,-109.884322707,106.293386568,77.1369480562,0.0,0.900907442535,0.0,-109.490160948,106.523528211,77.5618751184,#00E700
136.969335445,153.39099758,-112.127069518,104.672433907,78.5210543849,0.0,0.919362052674,0.0,-111.931472266,104.948093771,77.3327340247,#00E700
137.676207987,154.059956018,-113.904469351,103.731585885,76.3923263141,0.0,0.895950607637,0.0,-114.320513373,103.399654191,76.9421145256,#00E600
138.798737189,154.850812616,-116.509811968,102.001166087,76.1527816085,0.0,0.895510801523,0.0,-116.668139373,101.83517472,76.6055295925,#00E600
139.91363437,155.631976819,-119.070081425,100.217902184,75.8950254473,0.0,0.894755368295,0.0,-118.801789073,100.355524468,76.1333336429,#00E500
140.971707417,156.256076365,-121.385206132,98.3950869367,76.4413203572,0.0,0.90327291467,0.0,-121.005657473,98.7841941355,75.6097581557,#00E400
141.593167828,156.822378426,-122.889055528,97.4245267196,75.0522126721,0.0,0.888080018552,0.0,-123.256589487,97.1466448621,74.8217843119,#00E200
142.728177187,157.608793058,-125.420569978,95.447432001,73.8827577904,0.0,0.87630981604,0.0,-125.591226398,95.3087489322,74.4067065543,#00E100
143.813672779,158.406516806,-127.850094293,93.5252797685,73.564096592,0.0,0.874487015906,0.0,-127.864611369,93.477043064,73.7065609091,#00DF00
144.890380096,159.192607741,-130.228016302,91.5584519824,73.227249603,0.0,0.872354639587,0.0,-130.141532827,91.5928188064,73.2974976684,#00DF00
145.957737042,159.966331447,-132.552080735,89.549835787,72.8722629194,0.0,0.869914177326,0.0,-132.351565189,89.7021145872,72.9835126209,#00DE00
146.969708409,160.581248509,-134.628509643,87.5300049354,73.3629678222,0.0,0.877378161205,0.0,-134.436320809,87.8306376641,72.6688703786,#00DE00
147.563178597,161.13357194,-135.994059828,86.427100481,71.8617583938,0.0,0.86040195949,0.0,-136.339461429,86.0743762519,72.1365525604,#00DC00
148.60869986,161.886908423,-138.191505152,84.3236563647,71.4615091728,0.0,0.85719842145,0.0,-138.305259033,84.1900031651,71.385984431,#00DA00
149.690628411,162.657541345,-140.424372586,82.0881924523,70.1306732687,0.0,0.842792916599,0.0,-140.334818442,82.1691449514,70.4861841289,#00D800
150.721947471,163.408835357,-142.534446439,79.9148237252,69.6940699367,0.0,0.838985571363,0.0,-142.438751704,80.004545231,69.6543548079,#00D600
151.746383317,164.138268937,-144.582976585,77.6989974944,69.2396181858,0.0,0.834883677073,0.0,-144.583625152,77.6968720675,68.8653377817,#00D400
152.81225721,164.857338559,-146.642933614,75.3245783104,67.8177299387,0.0,0.819081710754,0.0,-146.671615995,75.3162419844,68.125813444,#00D200
153.82573808,165.576987729,-148.598162077,73.0364641321,67.3257004855,0.0,0.814374442952,0.0,-148.593845539,73.0357618534,67.3260763845,#00D000
154.832029581,166.266698676,-150.482158151,70.7088054413,66.8184045389,0.0,0.809407130728,0.0,-150.493367032,70.6726573112,66.5548012907,#00CE00
155.879956375,166.924475913,-152.350512959,68.2136486335,65.3127334872,0.0,0.792318287817,0.0,-152.344172374,68.2529367627,65.5800827628,#00CB00
156.873270517,167.589315309,-154.12156394,65.8234163079,64.7751789906,0.0,0.786842237908,0.0,-154.117648881,65.8211900829,64.7748381508,#00C900
157.861050486,168.211819925,-155.810009984,63.3913018586,64.2228999052,0.0,0.781117982405,0.0,-155.822588336,63.347303445,63.899775709,#00C600
158.890823818,168.793759869,-157.46700108,60.7904346246,62.6382464309,0.0,0.762828813552,0.0,-157.455767885,60.8405959331,63.0040772262,#00C400
159.86757028,169.367370168,-159.018954146,58.2947536227,62.0560709609,0.0,0.756612318915,0.0516734111635,-159.012741496,58.2943854301,62.0659172185,#00C10D
160.839795091,169.876522589,-160.466137623,55.7552831852,61.4596569709,0.0,0.750156622236,0.0946793526265,-160.481616602,55.7217674589,61.1691169408,#00BE17
161.85593609,170.357761392,-161.886980931,53.0506575986,59.7925532529,0.0,0.730659725752,0.113801423956,-161.862299544,53.1434537389,60.0486845323,#00BB1E
162.821240494,170.776171898,-163.157491715,50.4394070695,59.1621461807,0.0,0.723674225702,0.141061125054,-163.1865942,50.3463040102,58.8556244084,#00B823
163.838917938,171.141578793,-164.378571508,47.6353358428,57.4145225885,0.0,0.703079330251,0.154106823228,-164.386497248,47.5594395731,57.74297,#00B428
164.799308957,171.426071252,-165.428444235,44.9480560506,56.7477912693,0.0,0.695543021812,0.175818859841,-165.445252253,44.8376482597,56.4283419099,#00B02C
165.819812947,171.635763636,-166.406042431,42.0459796128,54.9169951167,0.0,0.673836476544,0.185712207225,-166.342432022,42.2599688096,55.3153367575,#00AD30
166.775375216,171.711764903,-167.158084204,39.2823763461,54.2141285641,0.0,0.66575582947,0.204433860638,-167.076562904,39.7572446157,54.183439062,#00AA33
167.286239128,171.719667164,-167.509395389,37.7921492813,53.2644005803,0.0,0.654447750038,0.208421470084,-167.651757862,37.2441897225,52.8753277421,#00A635
168.308653927,171.580408331,-168.020703096,34.7689495715,51.3213528807,0.0,0.631272096576,0.215748544159,-168.038764149,34.6681847461,51.5892765361,#00A238
169.249997462,171.219085844,-168.214257571,31.9364823835,50.5860987873,0.0,0.622668669817,0.232113922487,-168.193637634,31.941997725,50.2779788093,#009E3A
170.250921402,170.567164933,-168.103967376,28.8827613955,48.595460282,0.0,0.59883240541,0.237745529575,-168.087917131,29.0815787212,48.9197512581,#009A3D
171.179732357,169.570754519,-167.565445174,26.0011994305,47.8502233322,0.0,0.589994860492,0.252921507586,-167.566595735,26.0518269769,47.8035024065,#009640
172.111902661,168.118577718,-166.527838841,23.0723874967,47.1007973025,0.0,0.581034524153,0.267808401822,-166.58226911,23.0124517986,47.2706014429,#009545
173.052629429,166.15063921,-164.93070752,20.0971795813,46.348109448,0.0,0.571958771075,0.282482827359,-164.912312206,20.0815732976,46.2159391612,#009148
174.008830782,163.611606618,-162.717959062,17.0769909115,45.5933325418,0.0,0.562776955,0.297006559677,-162.602300938,17.003966747,45.6693266054,#00904C
175.017371875,160.242318794,-159.636775508,13.9176376571,46.0752607623,0.0,0.568264563452,0.323498731036,-159.655338611,13.9347406712,45.2169874742,#008E50
176.008057724,156.723792042,-156.343556695,10.9105120014,44.0836147729,0.0,0.544144055325,0.325795380014,-156.190530864,10.8835188116,44.8678489262,#008D55
177.079866875,152.371562657,-152.173710881,7.76239803506,43.3267272237,0.0,0.534654746488,0.340137354756,-152.44166548,7.91800052561,44.4208621991,#008C59
178.031997503,148.62706233,-148.539396323,5.10405689686,47.1215791843,0.0,0.57906242407,0.393726387431,-148.512882855,5.06495099475,44.5183033578,#008C5E
179.011693969,144.597978746,-144.576467821,2.49407494154,44.0182821964,0.0,0.541695961466,0.381943796851,-144.57210715,2.36856688254,45.3841934503,#008E65
180.073267897,140.833155502,-140.833040354,-0.180092606846,46.5287126911,0.0,0.570519845624,0.423788262302,-140.770537089,-0.134962758592,46.7363611498,#00926C
181.089932641,137.189549885,-137.164728158,-2.60958750464,47.8008412527,0.0,0.58460657917,0.452467240404,-137.098399125,-2.52880654873,49.1207528848,#009977
182.058634507,133.45885881,-133.372722964,-4.79413849225,52.0201463516,0.0,0.632981738548,0.508862846573,-133.562633519,-4.79731259593,50.780033788,#009E7F
183.014280955,130.467197226,-130.286690511,-6.86059965485,52.1311744848,0.0,0.633284301656,0.524117705252,-130.23438722,-6.93365807207,51.4184463344,#009F84
184.025608652,127.439203735,-127.124782239,-8.94652945585,52.2375630574,0.0,0.633448115942,0.53945989645,-127.065927911,-8.95904401208,51.908591589,#00A189
185.096377362,124.386581607,-123.894842136,-11.0494242388,52.3395520339,0.0,0.633474370791,0.554877919152,-123.928621945,-10.9502075157,51.6788506012,#00A08C
186.011579817,121.729691492,-121.060269393,-12.7486848441,48.4842237087,0.0,0.587842064306,0.527582507624,-121.014026808,-12.851758811,51.3897045501,#009E8E
187.047502271,119.24368451,-118.342771309,-14.6302691168,51.5397508389,0.0,0.622116603519,0.571219251173,-118.199887403,-14.6601040268,51.5573712509,#009F92
188.213072503,116.206485934,-115.014633074,-16.6006491437,54.4759339152,0.0,0.654572965826,0.614863582821,-115.401236261,-16.4252806129,52.3183564478,#00A197
189.089324238,114.293270597,-112.858119573,-18.0553745535,53.593981277,0.0,0.643473168743,0.615759496215,-112.732621889,-18.1111836345,53.2328861252,#00A39C
190.00901084,112.275440578,-110.566656807,-19.5138145836,52.7075667946,0.0,0.632283141067,0.616604089297,-110.17469461,-19.7165652558,54.3196697698,#00A6A2
191.248127308,109.571547847,-107.466859901,-21.3728360485,55.5743696113,0.0,0.663624381293,0.659279381542,-107.78560342,-21.2195860585,55.2885478163,#00A8A7
192.228506072,107.732229699,-105.287853709,-22.8188776542,54.7028569403,0.0,0.652577590418,0.660141738689,-105.442047655,-22.6749044097,55.1257232775,#00A8A9
193.052727924,106.054893976,-103.31471499,-23.9522483872,56.5702900954,0.0,0.672840528078,0.68767521,-103.232855011,-24.0745036351,55.4567592774,#00A8AD
194.088621629,104.305285657,-101.16782185,-25.3902429732,55.7070809551,0.0,0.661859489991,0.68853097947,-100.945505668,-25.4942434779,55.6701156116,#00A9B0
195.180284081,102.47499577,-98.8993007633,-26.8338045506,54.8388507419,0.0,0.650773886061,0.689346279567,-98.8743407317,-26.8309062663,54.9968576515,#00A6B0
196.333086393,100.568467638,-96.5098316546,-28.2819567396,53.9660814915,0.0,0.639588733873,0.690119409877,-96.8280961873,-28.1222132634,54.5763293594,#00A5B1
197.126820758,99.4052162897,-94.9971184857,-29.273614485,55.8280065642,0.0,0.65976116881,0.71679460899,-94.7540107684,-29.4017285583,55.3580535854,#00A7B6
198.341125568,97.6085686087,-92.6500393324,-30.714864114,54.9627509854,0.0,0.648629110608,0.71756846876,-92.8322588872,-30.5929044643,55.8562982948,#00A8B9
199.087185502,96.5897996364,-91.2794926347,-31.5854969592,56.7957345364,0.0,0.66843510164,0.743278929899,-91.0512587765,-31.6676623077,57.0673347081,#00ABBE
200.147682489,94.9875396571,-89.175055261,-32.7176131359,59.4548115981,0.0,0.697007713004,0.779971672648,-89.3953891576,-32.7121085535,57.4005352469,#00ACC1
201.047433994,94.023311281,-87.7503976218,-33.7675995808,57.7435091154,0.0,0.676835343553,0.768784372556,-87.7016408644,-33.7559669488,57.8507126053,#00ADC4
202.047123259,92.8137164237,-86.0267545792,-34.839395129,55.9890986003,0.0,0.656053299413,0.757301018181,-85.9844173543,-34.8426608681,57.5977830266,#00ACC6
203.004470366,91.68504329,-84.3937319831,-35.8307851583,58.6678302722,0.0,0.684932137294,0.793332164587,-84.3141374674,-35.8731757415,57.6812269209,#00ACC8
204.082332781,90.5394771593,-82.6589249607,-36.9445401734,56.9385817935,0.0,0.664418311778,0.782319373612,-82.6050736876,-36.9462926472,58.4318445274,#00AECC
205.19883014,89.2318425535,-80.7401608059,-37.9914221704,60.4181015427,0.0,0.701881009434,0.827773183276,-80.9899195848,-37.9276450052,58.6648693422,#00AECE
206.096413901,88.4915973893,-79.4703311798,-38.9259459832,57.8701031135,0.0,0.672560148533,0.806402549681,-79.3279308501,-38.9158838028,59.3575876443,#00B0D2
207.0093169,87.4234194418,-77.888382143,-39.7020678813,61.2814476081,0.0,0.709354182218,0.849445951517,-77.9935450369,-39.7461345588,59.4470950594,#00B0D4
208.045232195,86.6843181282,-76.505558836,-40.7562323645,58.778909334,0.0,0.680478665376,0.829289068928,-76.4418975042,-40.687409848,58.852096959,#00AED4
209.002503781,85.6515814974,-74.9107464564,-41.5279842799,55.2704740909,0.0,0.640452423551,0.796224000303,-74.9363796138,-41.5762397536,58.3421055254,#00ACD4
210.041872107,84.9527855082,-73.5402087204,-42.530147742,60.5069109143,0.0,0.697346003068,0.860968957678,-73.4373156892,-42.5491056533,56.8964845,#00A8D1
211.105130393,84.0416740322,-71.9582318618,-43.4167691274,56.2100947957,0.0,0.648634543899,0.819762440763,-71.7283401028,-43.5846791344,56.8917638004,#00A7D3
212.998750297,82.6470705798,-69.3146473994,-45.0113089269,56.2474257134,0.0,0.647013516029,0.831380596934,-70.0555259284,-44.6583319484,56.9595861941,#00A7D5
213.162991173,82.6770734288,-69.2104518145,-45.2262294513,58.0087053712,0.0,0.666300586335,0.852370501541,-68.4268585719,-45.6090356613,58.9233030532,#00ACDD
214.952373471,81.5524225878,-66.8426931214,-46.721001768,59.7463656857,0.0,0.683470732731,0.882301590838,-67.0169396791,-46.4477475984,60.3951049628,#00B0E2
215.874787087,80.5888056492,-65.3010765145,-47.2263168373,64.5745719956,0.0,0.735271341277,0.940176917417,-65.7695652351,-47.1654810803,61.9794385166,#00B4E8
216.35212621,80.6295003646,-64.9381409377,-47.7928256185,62.2288632143,0.0,0.709124160706,0.917783190774,-64.7004757739,-47.8206270618,63.5640234755,#00B9EE
217.126504234,79.9217535141,-63.721998328,-48.2389221879,64.586801935,0.0,0.733960262222,0.947618882708,-63.6834073366,-48.4543995502,63.0999036192,#00B7EE
218.159430672,79.7427627815,-62.7013014954,-49.2692095208,60.6225922481,0.0,0.689510386587,0.910280808672,-62.4994541955,-49.2322026304,62.2601285451,#00B4ED
219.244901362,79.1497815592,-61.2974647629,-50.0730340054,62.2608771239,0.0,0.706193875779,0.934500624687,-61.4784817504,-49.9490180879,61.2362439336,#00B1EB
220.140191777,78.7422658917,-60.1960506865,-50.7619928639,58.9713026716,0.0,0.669231401991,0.902379102096,-60.1517269221,-50.8301076757,60.4448974745,#00AFEA
221.277190305,78.291407588,-58.8380928484,-51.6490399917,60.6587088806,0.0,0.686414776296,0.927702072102,-58.8154255997,-51.646816855,60.2689775676,#00AEEB
222.38720362,77.8377328996,-57.4914103351,-52.4733303748,61.4874536835,0.0,0.694201473571,0.942979102653,-57.6193037856,-52.41195724,59.9545241454,#00ADEC
223.147419823,77.5267775754,-56.5632676949,-53.0188456013,59.8495950185,0.0,0.675492032001,0.928363879806,-56.456399191,-53.0871930548,60.7702397134,#00AFF0
224.232182015,77.1629706626,-55.2887275864,-53.8263935571,60.6894252491,0.0,0.683424377614,0.943643211793,-55.3990442739,-53.7536538696,61.4154249439,#00B0F3
225.079732027,76.8894331427,-54.2933277424,-54.4446461248,61.5127792924,0.0,0.691417351818,0.957423460922,-54.252261711,-54.4509584492,61.8685199099,#00B1F5
226.035396981,76.5532194552,-53.1443039987,-55.1006203364,63.113317664,0.0,0.707683302109,0.980382770348,-53.1121688552,-55.1409957861,61.7501185287,#00B1F6
227.031444857,76.2796921107,-51.9920000398,-55.815977644,63.1206458328,0.0,0.70660388878,0.985633324493,-51.8515346371,-55.9104401682,61.9788763097,#00B1F8
228.269638595,75.9819170681,-50.5755326657,-56.704208106,60.7265560188,0.0,0.679231226326,0.964715553857,-50.6007755624,-56.6709188034,62.3094073748,#00B2FB
229.493063743,75.7020867829,-49.1715409217,-57.5583660876,60.7368152274,0.0,0.677932102381,0.970970679712,-49.4236976141,-57.3902136342,62.2121950704,#00B1FC
230.173957182,75.5324341605,-48.3754154295,-58.0083424366,63.9179234167,0.0,0.711512111375,1.0,-48.2641754399,-58.1088970393,62.4299658753,#00B1FE
231.31042968,75.37198611,-47.1150724193,-58.8311672593,63.1491419017,0.0,0.701866424595,1.0,-47.1759761495,-58.7864674217,62.6918366237,#00B2FF
232.000664602,75.2650910015,-46.3371290011,-59.3102385714,63.1533296148,0.0,0.701085232334,1.0,-46.1251026318,-59.4352414807,63.0385701912,#00B2FF
233.205989014,75.1126613568,-44.9879696105,-60.1497671352,62.3740295894,0.0,0.691239620846,1.0,-45.0347715349,-60.1110977722,63.2076125504,#00B3FF
234.183014272,74.9969988926,-43.8881008622,-60.8143440778,63.1658962564,0.0,0.698579279481,1.0,-43.9738805156,-60.7673712202,62.857205421,#00B1FF
235.120456474,74.9178316833,-42.8419879882,-61.4593001046,62.3854875798,0.0,0.689041489768,1.0,-42.9196608472,-61.4162165179,62.7192315615,#00B1FF
236.078151128,74.8493262749,-41.7705333535,-62.1099362998,63.1762078293,0.0,0.696356756339,1.0,-41.79064479,-62.0975991953,62.9288136748,#00B1FF
237.08962932,74.802157218,-40.6419878669,-62.7980218374,63.1816641193,0.0,0.695152428055,1.0,-40.5684104943,-62.8457525681,62.8826888838,#00B0FF
238.021258779,74.7758323142,-39.601622643,-63.4282002135,62.4016332409,0.0,0.685618799203,1.0,-39.2820706718,-63.61830116,62.6612449304,#00AFFF
239.70714596,74.7755655556,-37.7182860477,-64.5655953413,62.4108887643,0.0,0.683575466371,1.0,-37.9193322495,-64.4390976834,62.287328129,#00AEFF
240.964435981,74.7872142901,-36.2981547927,-65.3878534586,61.6218220267,0.0,0.673517522942,1.0,-36.5751369502,-65.2281300621,61.8807019283,#00ADFF
241.728546019,74.8260246849,-35.4413074598,-65.9002860061,61.6261089562,0.0,0.672569847381,1.0,-35.2711909445,-65.9926952189,61.3869664602,#00ABFF
242.941344322,74.8606394563,-34.0542857512,-66.6664905464,60.8259851486,0.0,0.662437577316,1.0,-34.0647739071,-66.675235171,60.9964981,#00A9FF
243.815028998,74.9424104237,-33.0698735552,-67.2513817193,60.830973253,0.0,0.661333131281,1.0,-32.9367392452,-67.3132077415,60.6599122221,#00A8FF
244.965686697,74.9959850725,-31.7353727114,-67.9504517708,60.0197274879,0.0,0.651150122509,1.0,-31.8743147875,-67.8971858734,60.2303730272,#00A7FF
245.963289713,75.1339613942,-30.60370657,-68.6186949669,60.025541451,0.0,0.649860868505,1.0,-30.588380045,-68.588061724,59.7823502134,#00A5FF
246.869034646,75.1715691377,-29.5299613006,-69.1284759864,59.2021762554,0.0,0.639869219913,1.0,-29.4197307899,-69.2204583333,59.3696374665,#00A4FF
247.987443809,75.3747683587,-28.2511998837,-69.8800787797,59.208806329,0.0,0.63839133005,1.0,-28.2932321694,-69.8151090411,59.0009099037,#00A2FF
248.951185652,75.4371349053,-27.0942429927,-70.4035746207,58.3752595009,0.0,0.628201616892,1.0,-27.1777690956,-70.418091116,58.6800489828,#00A1FF
249.981101498,75.6714840461,-25.9046247287,-71.0993946205,58.3815201374,0.0,0.626805100047,1.0,-26.0951967144,-70.9859325902,58.3798451303,#00A0FF
250.426884781,75.779758505,-25.3869384877,-71.400806391,58.3842925522,0.0,0.626191843159,1.0,-24.9508946748,-71.5959112253,58.0817634742,#009FFF
251.980163928,76.0319925979,-23.520210737,-72.3025835313,57.5441042007,0.0,0.615051776279,1.0,-23.7955978068,-72.1985627096,57.7912465459,#009EFF
252.730513943,76.2523036883,-22.636743544,-72.8147763816,57.548879648,0.0,0.613986132485,1.0,-22.466034007,-72.8501051858,57.3085682598,#009CFF
253.953691548,76.4498450363,-21.131822069,-73.4712522155,56.701628312,0.0,0.603224671747,1.0,-21.188639815,-73.4959989706,56.9416809903,#009AFF
254.992395032,76.8088185314,-19.8894324747,-74.188982201,56.7084305957,0.0,0.601698493688,1.0,-19.9156758816,-74.1043029699,56.4574710662,#0099FF
255.982333662,76.9551508028,-18.640158275,-74.6635100606,55.8551641052,0.0,0.591204444794,1.0,-18.7179063469,-74.7151046677,56.166096618,#0098FF
256.975211725,77.3491506183,-17.4323777779,-75.3591620599,55.8618715254,0.0,0.589694414133,1.0,-17.6352497899,-75.2402530106,55.8604727766,#0096FF
257.403783309,77.5264635184,-16.9068781292,-75.660491788,55.8648417515,0.0,0.589031113115,1.0,-16.40712878,-75.855769656,55.5567332408,#0095FF
258.939743188,77.9536742706,-14.9547300897,-76.5057604382,55.0114248748,0.0,0.577598733933,1.0,-15.2321966812,-76.4287081713,55.2625158165,#0094FF
259.755485376,78.3391947462,-13.932573666,-77.0902900794,55.0172631942,0.0,0.576280999132,1.0,-13.8129287397,-77.0703587404,54.7730737013,#0092FF
260.912243879,78.6374428862,-12.4205526946,-77.6503528288,54.1577690275,0.0,0.565365857834,1.0,-12.4508656781,-77.7159375203,54.4019011266,#0091FF
261.997492806,79.2162406306,-11.0282025165,-78.4448311165,54.1658387293,0.0,0.563532028864,1.0,-11.080617128,-78.3197314832,53.9113345947,#008FFF
262.927093052,79.4269061588,-9.78001175289,-78.8224891263,53.3017379509,0.0,0.552928029485,1.0,-9.80182139523,-78.937598655,53.6166690933,#008EFF
263.9838903,80.054780039,-8.39038828505,-79.6138756217,53.3099370012,0.0,0.551058870924,1.0,-8.63829887652,-79.4707084822,53.3083037251,#008DFF
264.441222243,80.3366207572,-7.78195494369,-79.9588257289,53.3135830852,0.0,0.550230976531,1.0,-7.30547925682,-80.1064053347,53.0016116641,#008BFF
265.895567687,80.935447307,-5.79292263903,-80.7278680388,52.4513132536,0.0,0.538572562357,1.0,-5.98088065922,-80.7079604906,52.6658416253,#008AFF
266.75602325,81.5262534285,-4.61339383367,-81.39561779,52.4584837471,0.0,0.536927361763,1.0,-4.54255364043,-81.360268853,52.2834160702,#0088FF
267.950200982,82.0122162267,-2.9334220353,-81.9597379545,51.5923787208,0.0,0.525650015153,1.0,-3.03946943115,-82.0096415341,51.8475416668,#0087FF
268.995203904,82.809641226,-1.45215825704,-82.7969076498,51.6015568293,0.0,0.523527521233,1.0,-1.51818660783,-82.6587851688,51.3767175689,#0085FF
269.912435625,83.1321711011,-0.127049738414,-83.1320740169,50.7320795352,0.0,0.512726048369,1.0,-0.0355793708235,-83.2945582491,50.9573039564,#0083FF
270.969370277,84.0184833278,1.42141595255,-84.0064587838,50.7418526091,0.0,0.510449290063,1.0,1.44159248595,-83.8866458805,50.4853861409,#0081FF
271.974638451,84.4572000946,2.91015191274,-84.4070474762,49.8732850907,0.0,0.49938581763,1.0,2.92247000921,-84.5042278867,50.0495040927,#0080FF
272.959555609,85.3653794979,4.40750186171,-85.2515216531,49.8829640775,0.0,0.497120089122,1.0,4.40344032459,-85.1332736453,49.6665537682,#007EFF
273.972207841,85.8623460895,5.94790645027,-85.656084926,49.0159242004,0.0,0.485960247219,1.0,5.87432733613,-85.7874792398,49.3320279938,#007DFF
274.966770958,86.8683457094,7.5208857963,-86.5421617659,49.0263426959,0.0,0.483506038074,1.0,7.40786529488,-86.4764582662,49.0254185904,#007BFF
275.612739481,87.5461638705,8.56238095033,-87.1264393907,49.0333050299,0.0,0.481853921807,1.0,8.89735909786,-87.1455952349,48.718481319,#007AFF
276.988701193,88.5418969362,10.7732121983,-87.8840452641,48.1686917472,0.0,0.469523686338,1.0,10.5227539731,-87.8612731724,48.3842266176,#0078FF
277.6947444,89.3562524449,11.9643808363,-88.5516427979,48.1768511151,0.0,0.467566179003,1.0,12.1159374138,-88.536925949,48.0014149228,#0077FF
278.945138335,90.3083062748,14.0419180173,-89.2099474309,47.3106303403,0.0,0.455356755434,1.0,13.8788342858,-89.264048893,47.5666643543,#0075FF
279.7156449,91.2824532364,15.4046921265,-89.9732278478,47.320202882,0.0,0.453032483601,1.0,15.579010761,-89.913150006,47.0565439934,#0073FF
280.93660427,92.3017726578,17.5117455333,-90.6253607118,46.454783284,0.0,0.440673342914,1.0,17.3327691568,-90.6855320331,46.7102139711,#0071FF
281.669837535,93.3175841552,18.8755129916,-91.3886564179,46.4646199153,0.0,0.438251546795,1.0,19.0262415829,-91.3638028622,46.2894678078,#006FFF
282.944603171,94.5302711179,21.1756194755,-92.1279832486,45.6023703849,0.0,0.425432460856,1.0,20.9025056697,-92.0978510799,45.8200840579,#006DFF
283.553201074,95.4537464971,22.3694080943,-92.7956211351,45.6112235965,0.0,0.423217547462,1.0,22.7864280953,-92.8512589335,45.2925506187,#006BFF
284.9757681,97.039162777,25.0759391935,-93.7432471489,44.7548216516,0.0,0.409482998394,1.0,24.8210856362,-93.5904562043,44.7101856242,#0068FF
285.881753674,97.8400414277,26.7742140219,-94.1053408159,43.8942966282,0.0,0.397626348578,1.0,26.9018967263,-94.4118015514,44.2863751554,#0066FF
286.998251751,99.8148699279,29.1801311222,-95.4543252368,43.9130131063,0.0,0.39278863353,1.0,29.0539133257,-95.2049697764,43.713191963,#0064FF
287.980751793,100.875430956,31.1399907905,-95.9487026704,43.0592660364,0.0,0.380256331102,1.0,31.146040725,-95.9912327637,43.2406419701,#0061FF
288.999269391,102.394206207,33.3350581911,-96.8160490832,43.1487235024,0.0,0.375836257106,1.0,33.3588977987,-96.8343768806,42.7920011893,#005FFF
289.963838749,104.038579063,35.521580383,-97.7867233342,42.2306240414,0.0,0.362330711266,1.0,35.504989564,-97.7261024818,42.2949994312,#005DFF
290.943314655,105.296462998,37.6376036963,-98.3400015656,41.3897786616,0.0,0.349152591648,1.0,37.7900051474,-98.5734510606,41.7079811608,#005AFF
291.993325809,107.356840975,40.2049851819,-99.5442136477,41.4616902608,0.0,0.343228795633,1.0,40.067620474,-99.3689113803,41.124691138,#0057FF
292.987157202,109.170713665,42.6338698459,-100.501730653,40.5805428639,0.0,0.328748824442,1.0,42.517834608,-100.316742929,40.6422911963,#0054FF
293.935470029,110.62165187,44.8800332945,-101.108518306,39.75602241,0.0,0.314706956662,1.0,45.0354196037,-101.257768832,40.1014427908,#0051FF
294.99692487,112.535957511,47.5542766403,-101.994767053,39.9201442048,0.0,0.307880333475,1.0,47.6577811974,-102.26623633,39.6062228939,#004EFF
295.995714182,115.119646313,50.4573915916,-103.472627303,38.9967949482,0.0,0.290999896675,1.0,50.3417633761,-103.296333,38.9441848118,#004AFF
296.993317584,117.239352388,53.2133685106,-104.467234864,38.1692712921,0.0,0.274323041529,1.0,53.123273413,-104.309864944,38.1941431755,#0046FF
297.970684962,119.255806966,55.9333283609,-105.325259428,37.3771571402,0.0,0.257250818206,1.0,56.0072467453,-105.370202667,37.4679551232,#0042FF
298.985858281,121.543895323,58.8994098653,-106.319226897,36.5979855882,0.0,0.23856635053,1.0,58.9103274902,-106.378536718,36.6216803148,#003DFF
299.989708359,123.96473505,61.9630828059,-107.367741455,35.8312989149,0.0,0.218419602381,1.0,61.9366666369,-107.348706046,35.747567793,#0038FF
300.997349423,126.590541182,65.1939287832,-108.512288551,35.0786219313,0.0,0.196012485319,1.0,65.1894932881,-108.516703973,35.1095427706,#0032FF
301.949853112,129.200197151,68.3697502039,-109.627862339,34.3380350616,0.0,0.171595199931,1.0,68.5040953535,-109.731329434,34.3754856539,#002CFF
302.983659675,132.381457331,72.0684429111,-111.044989898,33.6161398655,0.0,0.140460214254,1.0,72.0061376755,-111.065814612,33.6732067326,#0024FF
303.998420444,135.753617163,75.9093566225,-112.546941984,32.9085774663,0.0,0.100166385853,1.0,75.6902150991,-112.37530101,32.8564718755,#001AFF
304.873064328,138.7114802,79.3097097057,-113.801778042,32.2092247355,0.0,0.0441910519663,1.0,79.4720344455,-113.671825658,31.977906188,#0009FF
305.956000054,141.599067216,83.1418462903,-114.619933833,30.8085554784,0.0,0.0,1.0,83.3770347682,-114.980951372,31.0494991238,#0000FF
306.999485276,146.102280353,87.9254989973,-116.683259083,30.1624708547,0.0,0.0,1.0,87.5266226319,-116.337613728,30.0448366845,#0000FF
307.973524417,149.030527846,91.6980785398,-117.480043506,28.826023544,0.0,0.0,1.0,91.7936488719,-117.790648477,29.0747317664,#0000FF
308.841756447,153.214120739,96.0915477993,-119.335582436,28.2099884644,0.0,0.0,1.0,96.3368543434,-119.291462377,28.0259231221,#0000FF
309.925771443,157.690310721,101.204795395,-120.929001833,26.9572456005,0.0,0.0,1.0,101.032319204,-120.812250948,26.9381958027,#0000FF
310.918037671,161.974254036,106.08969227,-122.395409082,25.7361473227,0.0739700740695,0.0,1.0,105.913022781,-122.293599616,25.7450532353,#1200FF
311.840052992,166.09953436,110.797265321,-123.745793109,24.5299887978,0.12885676632,0.0,1.0,111.006833787,-123.726298966,24.4086127255,#2100FF
312.997309075,170.813331416,116.488544611,-124.930433297,22.7209381355,0.173781162929,0.0,1.0,116.369078099,-125.213008771,23.0206135343,#2C00FF
313.88583669,175.601375226,121.731033209,-126.559861469,21.5553643576,0.204929864677,0.0,1.0,121.856267097,-126.582852028,21.4901122019,#3400FF
314.959075523,180.608368652,127.618151049,-127.800588222,19.789559606,0.234276160337,0.0,0.992395086994,127.568040638,-127.677331315,19.7166314755,#3C00FD
315.912800708,184.860028844,132.78158629,-128.616797529,18.0722036946,0.256360476535,0.0,0.97792243583,132.706962706,-128.0830148,17.8632998492,#4200F8
316.999810024,188.869852998,138.130239021,-128.809388009,15.8581609355,0.276409807714,0.0,0.953363209341,138.33774673,-129.02568162,16.9713269128,#4C00F7
317.963216046,191.754307462,142.41881768,-128.400135517,13.7347303846,0.290478826446,0.0,0.925824779961,143.067742441,-129.485281228,13.2504953318,#4600ED
318.787522492,192.534780443,144.838417667,-126.852175574,11.6356092642,0.296897637576,0.0,0.890944001438,145.354617743,-127.971161027,9.79663963596,#4000E0
319.164096408,192.290316808,145.484055921,-125.737645161,10.5903271436,0.297845694912,0.0,0.871333463126,144.637984926,-124.159275689,8.66802129587,#4500D6
320.017344195,189.916645654,145.521538443,-122.032020985,7.98725905623,0.294115543222,0.0,0.81661135153,141.465924033,-118.243376677,10.3497433431,#5600D1
321.002435905,172.98746565,134.441138519,-108.858823922,6.48173311803,0.304943971095,0.0,0.712962443011,136.874173162,-111.034923718,14.7789374678,#6D00D1
322.094985706,164.432274083,129.742050178,-101.019667271,28.1842704947,0.623166950474,0.0,0.907955925008,132.336159966,-103.635292998,20.9922950714,#8700D7
323.005430901,161.390851016,128.901670467,-97.1152209611,30.4489380176,0.666703171971,0.0,0.907642654398,128.910640471,-97.0386095102,27.66828754,#A100DF
324.052207229,158.294152553,128.147385991,-92.9262406228,32.8787078092,0.712399935977,0.0,0.907250944176,127.101701024,-91.9590876428,33.9918025552,#B900E9
325.035578007,155.784474881,127.666631317,-89.2750461332,36.4280007129,0.770027529751,0.0,0.923367380209,126.832204913,-88.5830991018,38.3661168215,#CA00F0
326.026583972,153.219127406,127.064152959,-85.6201029891,39.2120463218,0.816209266563,0.0,0.930544531746,127.286249168,-85.856309985,39.9671594273,#D300F0
327.048412912,150.496588771,126.286273159,-81.8596386711,42.0234997306,0.861290326078,0.0,0.937223376807,126.515742194,-82.0733331628,40.7713611813,#D800EC
328.011233463,147.988316245,125.516582894,-78.3972522699,44.0321612227,0.894534843097,0.0,0.936608665265,125.59327112,-78.2416219262,43.0766140329,#E100EC
329.108988651,145.434473789,124.803933455,-74.6670232447,42.7039458728,0.886315861098,0.0,0.895878769425,124.762056553,-74.6911473584,44.2202554943,#E700E9
330.142117161,142.852571806,123.89074207,-71.1192048659,44.7623199137,0.918575723488,0.0,0.895171266931,123.815834983,-71.1605989577,44.5673238289,#E900E4
331.184265503,140.16076979,122.805271141,-67.5566929925,46.0300921382,0.939516574923,0.0,0.885288608967,122.79748478,-67.7644788106,44.9911326932,#EC00DF
332.015326246,137.638964688,121.545272986,-64.585069598,44.2471400111,0.918937362996,0.0,0.844920288247,121.697556678,-64.4519615114,45.5388629197,#EF00DB
333.031865431,135.402026242,120.678257747,-61.4041270399,47.9079152507,0.969422156722,0.0,0.864607809665,120.518144813,-61.1993651226,46.7237664371,#F300D9
334.087043868,132.582551862,119.252567289,-57.9392634848,46.1726527931,0.949287723776,0.0,0.821628258153,119.339537631,-58.1054061387,48.0001583796,#F800D7
335.042363054,130.351588243,118.179358571,-55.0015978436,49.8082237799,0.997187226044,0.0,0.842390916437,118.17323788,-55.0155310826,48.5984567607,#FA00D3
336.065338666,128.013187131,117.005166211,-51.934258052,49.6574243789,0.996790513797,0.0,0.819899489679,117.005040206,-51.9958180521,49.4089064148,#FD00D0
337.018516658,125.827747337,115.840934996,-49.1273831925,50.2781605359,1.0,0.0,0.807796916842,115.836778941,-49.0274143921,49.6534041064,#FE00CC
338.005704212,123.742245172,114.736426226,-46.3432383089,48.6943383002,0.986069686591,0.0,0.771570036793,114.68144921,-46.2433510271,49.670764759,#FF00C7
339.117400279,121.478036475,113.498480725,-43.3013650916,49.3333920137,0.994610571187,0.0,0.758193105911,113.576852712,-43.5072439953,50.124161709,#FF00C4
340.013755964,119.678836322,112.471143488,-40.9055710862,50.7239252834,1.0,0.0,0.757330505752,112.451945535,-40.8314237041,49.8217555696,#FF00BE
341.056405874,117.796670211,111.416641037,-38.2411769282,49.9219570499,1.0,0.0,0.730791451685,111.386196027,-38.2429753511,50.203707112,#FF00BB
342.004788202,116.036254917,110.36003256,-35.8479520823,51.3110785307,1.0,0.0,0.729856770787,110.359184962,-35.745099142,50.1464825823,#FF00B7
343.094688807,114.278900184,109.340524071,-33.2312627356,49.0768112832,0.991020637793,0.0,0.688428774226,109.380796349,-33.3566177251,49.9935323877,#FF00B2
344.020278309,112.818602645,108.459200479,-31.0586370332,49.0334408347,0.990176764903,0.0,0.67362954971,108.467922158,-31.085218067,49.6239852887,#FE00AD
345.08606955,111.287001938,107.538136075,-28.6416844812,50.4364271545,1.0,0.0,0.672623386157,107.519369929,-28.6630245439,49.4702176513,#FE00A9
346.021625405,109.918979989,106.663945589,-26.5515512387,48.9539759291,0.988394692069,0.0,0.643177826618,106.631667106,-26.3787933025,49.5521505917,#FE00A5
347.150872935,108.501243343,105.784267371,-24.1289988136,50.3602888267,1.0,0.0,0.642109581364,105.754905758,-24.0494248693,50.0357988186,#FF00A3
348.265219702,107.135059415,104.895886544,-21.7893079722,50.3254891907,1.0,0.0,0.626408140727,104.928448183,-21.8998188932,50.5212364336,#FF00A0
349.437940563,105.795078354,104.002586413,-19.3922825705,50.2927318279,1.0,0.0,0.610400816098,104.119291609,-19.7468749378,50.6010062007,#FF009D
350.036962323,105.119298788,103.534054665,-18.1869871693,50.9924882262,1.0,0.0,0.60980165504,103.398778409,-17.8215753972,50.4779321309,#FF009A
351.287346991,103.847027326,102.648680272,-15.7306555091,50.9623284367,1.0,0.0,0.593462979226,102.708053434,-15.8891571767,50.1672844711,#FF0096
352.034483177,103.078473747,102.083936558,-14.2843147194,48.7928418268,0.983572558573,0.0,0.561788300465,102.021715396,-13.9728498401,49.9822574682,#FF0092
353.328689273,102.007111512,101.316415715,-11.8505149912,50.205935802,1.0,0.0,0.560517157564,101.383327606,-12.1392662236,49.9845424027,#FF008F
354.082258993,101.362477281,100.822310644,-10.4505251927,49.4753318502,0.991616173816,0.0,0.544050502332,100.752978286,-10.3015073366,50.0837009376,#FF008C
355.411343341,100.328958955,100.007378215,-8.02647541865,50.8828749095,1.0,0.0,0.542682844438,100.135454109,-8.46361277721,50.2905782599,#FF008A
356.078837249,99.7795160258,99.5459410267,-6.82330150691,51.5815307584,1.0,0.0,0.541964162989,99.5317764358,-6.62209211137,50.5310837874,#FF0087
357.049756723,99.2055666025,99.0740803095,-5.10598234988,49.4295810653,0.989683648984,0.0,0.509296072365,98.9460172674,-4.77894268176,50.6868520969,#FF0085
358.439000521,98.3400809944,98.3035859452,-2.67890281666,50.8390313985,1.0,0.0,0.507808685944,98.3852992446,-2.94164960786,50.5952429242,#FF0081
359.317631683,97.878045529,97.8711042005,-1.16565825527,50.1162180882,0.997572126724,0.0,0.490935288818,97.8597956489,-1.12318578594,50.0493411637,#FE007D
